first_name,last_name,age,gender
Garold,Ucchino,19,Male
Gwenore,Perkin,45,Female
Giovanni,Scolli,54,Male
Jens,Pendre,68,Male
Loren,McPhillips,73,Male
Benoit,Jurca,57,Male
Demetris,Cottey,31,Male
Peggy,Gregoratti,44,Female
Barclay,Chalkly,42,Male
Abraham,Banbrick,35,Male
Elsa,Dello,35,Female
Shayne,Forsey,45,Female
Leia,Dewicke,65,Female
Shelagh,Dawtry,45,Female
Dosi,Lutwyche,40,Female
Sancho,Parmiter,59,Male
Ediva,Greenall,79,Female
Agneta,Deinhard,66,Female
Jamison,Putman,61,Male
Susanetta,Jeandin,71,Female
Jelene,Petteford,30,Female
Dennis,Simmans,75,Male
Donaugh,Bridgwood,42,Male
Freddi,Lyne,75,Female
Wain,Fuge,30,Male
Barthel,Simmill,20,Male
Bertrand,Durkin,24,Male
Elana,O'Mannion,44,Female
Vere,Bache,77,Female
Cosmo,Dunstone,76,Male
Aldo,Cleverley,49,Male
Shelton,Bilton,65,Male
Kendricks,Tuer,54,Male
Claire,Dunn,75,Female
Yves,Ramas,80,Male
Veronike,Sturman,31,Female
Udale,Wildbore,40,Male
Roscoe,Kwietak,80,Male
Kenn,Guiu,41,Male
Fonsie,Caton,42,Male
Marguerite,Denslow,68,Female
Travis,Querrard,32,Male
Mason,Cestard,63,Male
Bartie,Soigoux,33,Male
Jan,Kilvington,47,Female
Carmelita,De Carlo,52,Female
Oriana,Goggen,44,Female
Gui,Kivlin,80,Female
Tawsha,Toman,58,Female
Curtice,Luetkemeyer,19,Male
Alanah,Laurentin,29,Female
Mikaela,Zamudio,32,Female
Fannie,Fairley,58,Female
Farrand,Kester,47,Female
Babbie,Skeeles,57,Female
Yank,Dufaire,19,Male
Pennie,Painten,80,Female
Bernelle,Finkle,36,Female
Junie,Falkinder,73,Female
Domenico,Newitt,72,Male
Tailor,MacDonough,46,Male
Jeanette,Kleinstern,60,Female
Bartel,Carswell,42,Male
Cara,Cornner,19,Female
Kennith,Doran,54,Male
Danie,Avramovich,44,Male
Pierrette,Lathee,31,Female
Griffy,Dunican,62,Male
Wait,Duetsche,69,Male
Aleksandr,Hakewell,76,Male
Glynis,L'Hommeau,63,Female
Brice,Brigstock,68,Male
Allie,Fones,22,Male
Linc,Sockell,34,Male
Christoforo,Dogerty,35,Male
Holden,Hairsnape,58,Male
Reba,Keymar,26,Female
Rorie,Shird,45,Female
Mohandis,Headington,35,Male
Dene,Underhill,59,Male
Valry,Waind,49,Female
Revkah,Odger,42,Female
Elwin,Crassweller,69,Male
Valle,Rattenberie,78,Male
Meg,Dixey,20,Female
Kakalina,Akister,52,Female
Roxanne,Kilbourn,21,Female
Durand,Pulster,58,Male
Angele,McVey,72,Female
Inigo,Munton,51,Male
Max,Lander,42,Female
Bran,Quiney,50,Male
Oralia,Aiken,32,Female
Ellswerth,Dockrill,42,Male
Dorine,Punchard,38,Female
Zena,Ferrierio,78,Female
Bertie,Sturch,21,Female
Inness,Shankland,37,Male
Kalina,Armall,47,Female
Arther,Datte,66,Male
Gabey,Guerrier,35,Female
Kitty,Postance,29,Female
Lanie,Oriel,21,Male
Giustino,Bourdice,79,Male
Alfie,Daintith,45,Female
Nanon,McMullen,19,Female
Dorena,Mc Caughan,35,Female
Patricia,Ferby,45,Female
Vasili,Bootherstone,60,Male
Doris,Jamison,61,Female
Briney,Atyea,65,Female
Lonna,Stocker,32,Female
Suzette,Gillebert,39,Female
Jessey,Dorro,31,Male
Olwen,Ivantsov,34,Female
Perice,Rothon,52,Male
Abie,Andrat,76,Male
Elliot,Phipp,72,Male
Hyacinthe,Fanstone,26,Female
Everard,Pryde,29,Male
Enid,Culy,79,Female
Gabi,Brock,36,Female
Basil,Ciccone,60,Male
Sisely,Schleicher,30,Female
Jordana,Sitch,24,Female
Wang,Manuaud,36,Male
Christopher,Mountford,57,Male
Orelia,Junes,78,Female
Lora,Bruckman,18,Female
Lorinda,Oehm,73,Female
Manon,Potteril,66,Female
Gearard,Walewicz,78,Male
Baxter,Tulley,55,Male
Oswell,Kiffin,79,Male
Garrot,Foulser,48,Male
Ariela,Glyde,69,Female
Kermy,Crumbie,80,Male
Harcourt,Iddenden,73,Male
Shawnee,Eilhart,27,Female
Lena,Fominov,54,Female
Hasty,Blenkensop,52,Male
Erinna,Dismore,45,Female
Farica,Bisp,42,Female
Demetris,Mc-Kerley,74,Female
Leann,Gouda,57,Female
Marinna,Foxcroft,18,Female
Demetri,Hugues,27,Male
Chryste,Lissemore,73,Female
Celestia,Abramovic,57,Female
Homerus,Wilden,66,Male
Tish,Cawthorn,70,Female
Danita,Ruffles,78,Female
Riordan,Gothup,43,Male
Gill,Licquorish,53,Male
Artur,Tranckle,70,Male
Rodolfo,Rushbrooke,70,Male
Renaldo,D'Ruel,42,Male
Arturo,Dahmel,69,Male
Kim,Sumnall,45,Female
Hannie,Orpin,50,Female
Bernardine,Kareman,36,Female
Wells,By,44,Male
Nikita,Bambury,44,Male
Kaspar,Halliday,19,Male
Padget,Brettel,29,Male
Dominick,Breckwell,18,Male
Zared,Attac,39,Male
Amie,Garvey,46,Female
Kent,Spruce,64,Male
Boone,Campsall,60,Male
Care,Chevers,51,Male
Urbano,Rosenberger,38,Male
Melisa,Lambert-Ciorwyn,51,Female
Allix,Give,75,Female
Virginia,Twort,21,Female
Edsel,Sauven,28,Male
Sybille,Absolon,57,Female
Mauricio,Happer,46,Male
Kassey,Kaindl,57,Female
Martin,Aslin,53,Male
Krissie,Godding,65,Female
Valentin,Gisburn,66,Male
Warner,Birkinshaw,78,Male
Susi,Renault,31,Female
Harrie,Styant,28,Female
Lawton,Tuxill,71,Male
Alayne,Lovewell,23,Female
Kameko,Lorentzen,35,Female
Bronson,Heighway,67,Male
Christian,Cheshire,30,Female
Moss,Eccleston,26,Male
Creigh,Urridge,76,Male
Louella,Bacup,76,Female
Cobbie,Glassard,46,Male
Larissa,Blackler,22,Female
Gerek,Liebermann,24,Male
Hussein,Robart,67,Male
Haroun,Faich,59,Male
Kathryn,Masic,45,Female
Beverlee,Straw,50,Female
Farrand,MacMeanma,21,Female
Dionysus,Lant,78,Male
Wilmette,Chalfain,40,Female
Merrielle,Rickford,66,Female
Kurtis,McCullough,26,Male
Debra,Foyster,32,Female
Packston,Eidler,18,Male
Denis,Simononsky,61,Male
Row,Garret,80,Female
Camila,Loker,70,Female
Nellie,Given,42,Female
Tymon,Jehu,54,Male
Ambros,Burnie,69,Male
Alejandra,Zorzenoni,66,Female
Papagena,English,36,Female
Emory,Le feaver,33,Male
Hastings,Bartolomeu,35,Male
Sasha,Burndred,77,Female
Claudina,Bowkley,29,Female
Marjorie,McElwee,53,Female
Shell,Trounson,21,Male
Violetta,Strut,76,Female
Shane,Whitnell,78,Male
Gennifer,Fitchet,49,Female
Debor,Nester,54,Female
Collin,Braidman,45,Male
Son,Tieraney,41,Male
Sven,Ricciardelli,31,Male
Katinka,Burwin,78,Female
Janeen,Gaishson,52,Female
Demetrius,Burry,19,Male
Templeton,Bricksey,53,Male
Osmond,Hellcat,77,Male
Gerard,Hembrow,58,Male
Douglas,Gonthier,79,Male
Care,Bucksey,37,Male
Martguerita,Bitten,42,Female
Granny,Sanday,63,Male
Vilhelmina,Ree,50,Female
Michail,Martinet,38,Male
Geneva,Bausor,29,Female
Inesita,Casino,64,Female
Trev,Rathbourne,19,Male
Genvieve,Birrell,50,Female
Sallee,Ailmer,54,Female
Ferdinanda,Matysiak,74,Female
Benita,Keaysell,33,Female
Miriam,Seabrook,59,Female
Foster,Goodinson,63,Male
Gay,Wife,60,Male
Clark,Yurkov,30,Male
Emilie,Goschalk,63,Female
Estel,Elger,70,Female
Carena,Ewens,47,Female
Nelle,Burghill,40,Female
Lulita,Rotlauf,73,Female
Vincenty,Astridge,61,Male
Willdon,Baysting,68,Male
Phillip,Smythe,19,Male
Al,Monelle,32,Male
Albrecht,Colville,70,Male
Cinderella,McClay,46,Female
Mattie,Barts,26,Male
Joceline,Giercke,70,Female
Fredericka,Labbey,30,Female
Valeda,Sollett,30,Female
Darrell,Linay,20,Male
Johnette,Doxsey,57,Female
Elna,Hearon,54,Female
Sioux,Spurden,59,Female
Israel,Shawe,69,Male
Galen,Moyle,62,Male
Joshia,Lindl,50,Male
Jacinta,Peers,59,Female
Cristiano,Cargenven,25,Male
Ingamar,Philbin,77,Male
Hildagard,Powdrell,47,Female
Essie,Bezemer,18,Female
Rutledge,Edmundson,68,Male
Cyndy,Trime,79,Female
Steven,Lownsbrough,78,Male
Miof mela,Cretney,26,Female
Mycah,Wennington,27,Male
Donnamarie,Friskey,53,Female
Alonzo,Merryweather,56,Male
Coralyn,Dannel,23,Female
Wayne,Fishly,38,Male
Cecilio,Brasseur,71,Male
Rey,Bearman,35,Male
Dixie,Treffrey,25,Female
Augustin,Lorrimer,33,Male
Doe,Buckerfield,72,Female
Janenna,Corpe,64,Female
Trish,Roll,25,Female
Viviana,Jindacek,78,Female
Alley,Deedes,56,Male
Urbain,Pawelczyk,58,Male
Shelley,Wimmer,28,Male
Butch,Kilday,53,Male
Richard,Jahan,70,Male
Bartie,Maneylaws,28,Male
Aleen,Eyers,22,Female
Arie,Bickerstasse,79,Male
Hallie,Claire,23,Female
Shellie,Hawkyens,80,Female
Reyna,Polson,35,Female
Celisse,Sturney,80,Female
Ruperto,Huyhton,39,Male
Dari,Fullagar,19,Female
Cos,Jillett,72,Male
Maren,Byard,41,Female
Sampson,Labuschagne,71,Male
Kattie,Gush,41,Female
Loren,Witherup,19,Male
Diandra,Bridgman,77,Female
Maxim,Kalewe,57,Male
Sherwin,Kubiak,48,Male
Bryant,Saice,30,Male
Elsie,Penkman,58,Female
Barri,Soule,35,Male
Madeline,Daniels,46,Female
Myrle,Dillow,24,Female
Grissel,Barnewall,26,Female
Bar,Mateos,78,Male
Jacquetta,Mennear,72,Female
Collette,Curds,50,Female
Omero,Kittle,41,Male
Harley,Klimentyev,46,Male
Barbaraanne,Jobern,74,Female
Stephenie,De Domenicis,59,Female
Nariko,Willingham,45,Female
Darleen,Openshaw,62,Female
Laurens,Hornig,56,Male
Earvin,McComish,58,Male
Ahmed,Bramley,61,Male
Betta,Scully,29,Female
Arabele,Horley,70,Female
Othilie,Gretton,37,Female
Sawyere,Fawson,46,Male
Wilbur,Saura,28,Male
Georgeanne,Stoddard,18,Female
Selig,Rate,23,Male
Ogdon,Huckabe,49,Male
Idalina,Targetter,21,Female
Todd,Hynard,44,Male
Web,MacIver,47,Male
Maddalena,Thalmann,79,Female
Demott,Behan,72,Male
Bennie,Pottiphar,33,Female
Natka,Orrobin,64,Female
Shepperd,Phillipson,32,Male
Nolie,Halesworth,22,Female
Malia,Lunnon,60,Female
Mella,Orsi,63,Female
Richy,Jandourek,76,Male
Olympia,Swannie,41,Female
Joellyn,Calwell,72,Female
Adan,Rubinow,29,Male
Leeland,Prisley,78,Male
Nels,Postgate,77,Male
Caye,Piatkowski,76,Female
Baxy,Albion,63,Male
Bea,Dahlback,63,Female
Allistir,Falvey,54,Male
Uriel,Sharrier,70,Male
Romeo,Schwartz,54,Male
Giles,Breinlein,60,Male
Mattheus,Brager,75,Male
Kacy,Cozby,63,Female
Guido,Tolcharde,67,Male
Berty,Heindrick,47,Male
Darill,Doughill,64,Male
Valdemar,Canham,56,Male
Mitchell,Chasemore,40,Male
Evy,Maymond,21,Female
Merrel,Beahan,30,Male
Karlis,Phillpotts,56,Male
Collete,Desesquelle,34,Female
Drucy,Hannan,62,Female
Melany,Capstack,34,Female
Rahal,Griswood,62,Female
Mala,Dunphie,43,Female
Peggi,Greenly,59,Female
Ulrike,Macconaghy,36,Female
Bonnee,Hapgood,45,Female
Jaimie,Skeggs,60,Female
Tybie,Grosvenor,24,Female
Janella,Fursse,36,Female
Hillier,Rosita,60,Male
Aurora,Wozencraft,38,Female
Twyla,Willford,41,Female
Walker,Holbury,68,Male
Juline,Sage,66,Female
Asher,Hender,75,Male
Artemas,Dressel,52,Male
Siouxie,Riep,57,Female
Kat,Poinsett,21,Female
Nadean,Cruickshanks,41,Female
Reinaldo,Pogson,52,Male
Joshua,Ealden,25,Male
Doralin,Sollitt,32,Female
Shamus,Collar,22,Male
Linette,Jewitt,42,Female
Dorie,Biner,55,Male
Jorgan,Watkiss,67,Male
Dahlia,Breakspear,78,Female
Mahmud,Paskell,70,Male
Scottie,Kensy,23,Male
Becki,Heggadon,33,Female
Grethel,Codman,60,Female
Luz,Dollen,79,Female
Consuelo,Sparsholt,74,Female
Barbara,Brearley,21,Female
Alvinia,Coram,33,Female
Godfrey,Bruckmann,62,Male
Thadeus,Ruppelin,65,Male
Hobie,How,50,Male
Caddric,Toope,49,Male
Faunie,Oldershaw,50,Female
Chevalier,Lawlan,45,Male
Olly,Digance,45,Female
Kissee,Frankish,68,Female
Robert,Tolotti,70,Male
Gib,Sneesbie,68,Male
Marylou,Cropton,31,Female
Garrett,Dominici,23,Male
Elset,Glennon,42,Female
Sergio,Copland,54,Male
Ty,Ilchuk,24,Male
Stavro,Block,42,Male
Nil,Rouby,41,Male
Ddene,Chasen,28,Female
Dale,Shayes,43,Female
Sawyer,Jelf,63,Male
Darby,Tidcomb,67,Male
Sydelle,Haythorne,22,Female
Lanae,Carlill,69,Female
Darb,Strickler,72,Male
Ralina,Given,45,Female
Ariela,Larkins,33,Female
Lutero,Leyburn,32,Male
Morton,Hitzke,44,Male
Tailor,Colter,51,Male
Marita,Aherne,70,Female
Sid,Wait,58,Male
Tarrah,Poole,21,Female
Elaina,Augustine,38,Female
Batsheva,Kay,54,Female
Edy,Kilgrew,60,Female
Port,Leving,26,Male
Graham,Jendas,51,Male
Lorrie,Maydwell,51,Male
Efren,Osichev,21,Male
Rossy,Catonne,20,Male
Gui,Petkovic,28,Female
Oneida,MacClure,32,Female
Gretna,Mingaye,24,Female
Mariam,Harradence,34,Female
Lindsy,Grellis,23,Female
Helge,Fernyhough,52,Female
Audrey,Grund,70,Female
Jan,Brigman,33,Female
Avril,Bisterfeld,47,Female
Corey,Blackway,75,Male
Merralee,Reding,79,Female
Kelvin,Hriinchenko,43,Male
Wyndham,McPhaden,65,Male
Matthias,Stoller,35,Male
Elmira,Sallan,67,Female
Yardley,Egentan,27,Male
Kally,Skinner,41,Female
Araldo,Scardifeild,69,Male
Chaunce,Franzewitch,18,Male
Felipe,Pointing,80,Male
Wylie,Laurisch,33,Male
Chadd,McCathie,79,Male
Nicol,Rainsden,31,Female
Elianora,Playle,68,Female
Hestia,Neill,75,Female
Nonnah,Campling,60,Female
Fran,Billo,53,Male
Wilfred,Giovanetti,42,Male
Ronda,Morey,52,Female
Keefer,Redwing,52,Male
Dorelle,Velden,58,Female
Barclay,Fawdry,65,Male
Skell,Smithin,32,Male
Blane,Darnborough,24,Male
Allina,Bedminster,23,Female
Chanda,Domenico,73,Female
Theresina,Nairne,22,Female
Emmit,Wasielewski,70,Male
Ronna,De Cristofalo,62,Female
Raddie,Chawkley,21,Male
Lyon,Macer,35,Male
Ivan,Lemerie,47,Male
Michail,Gluyus,80,Male
Mercy,Becraft,73,Female
Bruce,Kubiak,71,Male
Karlik,Andrault,32,Male
Leonidas,Ornells,72,Male
Christiana,Portugal,66,Female
Jule,Duckerin,52,Male
Homerus,Kybert,66,Male
Dan,Arent,62,Male
Victor,Bett,63,Male
Bear,Meiningen,27,Male
Kettie,Matuszyk,77,Female
Reuven,Curr,68,Male
Loydie,Andries,63,Male
Dionisio,Romeo,30,Male
Ettie,Lawry,37,Female
Kent,Mazonowicz,78,Male
Gail,Leaver,66,Male
Camel,Kime,46,Female
Josiah,Mounch,48,Male
Virgil,Jouhandeau,61,Male
Salomon,Dawidsohn,26,Male
Damita,Matijasevic,51,Female
Jecho,Maxwale,75,Male
Christos,Bovingdon,55,Male
Betteanne,Kempstone,34,Female
Chloette,Rayhill,40,Female
Ber,Christensen,44,Male
Bogart,Lasham,54,Male
Sherwynd,Ellicombe,79,Male
Aurie,Sloley,52,Female
Pall,Marshal,21,Male
Tallia,Ratley,78,Female
Prescott,Giacobillo,60,Male
Rafaelita,Tomsu,24,Female
Gussy,Bellson,62,Female
Mandi,Axston,52,Female
Stevie,Robardet,76,Male
Audie,Denne,71,Female
Rice,Gapper,44,Male
Aldon,Harflete,49,Male
Xena,Housam,72,Female
Bearnard,Jina,49,Male
Wain,Arnholz,65,Male
Grace,Haxbie,19,Male
Miller,Cathrae,28,Male
Deny,Watts,40,Female
Pamelina,Norridge,57,Female
Angelika,Patsall,23,Female
Constantine,Ballister,58,Male
Aharon,Vahl,29,Male
Waiter,Hatchell,48,Male
Joann,Ripley,40,Female
Bobette,Reskelly,47,Female
Orlando,Tiesman,58,Male
Fawne,Hasted,67,Female
Garvey,Metcalfe,50,Male
Ignaz,Deverille,67,Male
Dedie,Hought,46,Female
Isis,Rogez,62,Female
Adlai,Rosenbarg,26,Male
Nelson,Blakeway,38,Male
Skelly,Jessep,40,Male
Robert,Noraway,33,Male
Shirline,Leban,45,Female
Rayshell,Scramage,26,Female
Mareah,Vinsen,41,Female
Geri,Whear,58,Male
Joanie,Ashcroft,34,Female
Dreddy,Figgen,29,Female
Tanner,Dipple,25,Male
Toiboid,Coleby,55,Male
Royal,Dabs,44,Male
Austen,Giovannazzi,34,Male
Lorant,Le Brun,35,Male
Hyacinthia,Monckton,67,Female
Karee,Mabbs,50,Female
Saree,Cornau,57,Female
Lexine,Danaher,21,Female
Phaidra,McReynolds,31,Female
Englebert,Harnell,19,Male
Daven,Gierke,71,Male
Odell,Buncher,68,Male
Kaspar,Caselli,52,Male
Briney,O'Heagertie,53,Female
Agosto,Navarijo,70,Male
Jenna,Knewstubb,60,Female
Pall,Peet,34,Male
Ransom,Hayller,20,Male
Clemmy,Iglesias,51,Male
Loren,Romagnosi,62,Male
Symon,Sibson,18,Male
Pierson,Wadlow,30,Male
Kristi,Hesser,60,Female
Dagmar,Ravenscroftt,44,Female
Kamillah,Bednell,70,Female
Alyosha,Siaspinski,33,Male
Terri,Huikerby,70,Female
Leroy,Carnson,57,Male
Irina,Stigger,50,Female
Siward,Schooling,31,Male
Jarvis,McLane,44,Male
Prentiss,Sandland,39,Male
Ilaire,Trotter,72,Male
Robyn,Nichols,32,Female
Vikky,Baton,55,Female
Ernestine,Jackett,56,Female
Aloysia,Spurr,28,Female
Vernen,Dolman,53,Male
Rozelle,Gerard,42,Female
Modestia,Lefeaver,79,Female
Jodi,Dadley,67,Male
Hyatt,Gaywood,25,Male
Andy,Agnew,29,Male
Roberta,Trathen,77,Female
Si,Restieaux,30,Male
Marjie,Marxsen,45,Female
Aleksandr,Sadlier,58,Male
Hestia,Keasey,64,Female
Ferrel,Welford,56,Male
Vincent,Burnyeat,28,Male
Channa,Mattiussi,60,Female
Elenore,Bollin,37,Female
Doralin,Guage,52,Female
Grady,Beane,71,Male
Melania,Yanyushkin,80,Female
Van,Yearron,71,Male
Katerina,Exall,56,Female
Samaria,Blasl,75,Female
Penny,Concannon,65,Male
Chaunce,Benjafield,69,Male
Jerrold,Huckle,52,Male
Laurens,Crebbin,62,Male
Gillan,McQuode,56,Female
Marje,Dutton,48,Female
Chrissie,Spottiswoode,19,Male
Hamlen,Mayte,62,Male
Gretna,Blackboro,49,Female
Myron,Strangwood,42,Male
Crichton,Shewon,37,Male
Wainwright,Courtier,25,Male
Albert,Antonetti,23,Male
Emylee,Peart,48,Female
Linc,Delamere,80,Male
Tuesday,Franzel,60,Female
Heddie,Couchman,56,Female
Dalis,Melsom,41,Male
Galen,Ilem,31,Male
Carissa,Baldry,27,Female
Demott,Amberson,25,Male
Elita,Basler,55,Female
Tanny,Bogue,27,Male
Rusty,Varran,78,Male
Renard,Ham,46,Male
Nicola,Bodechon,53,Female
Karly,Warry,27,Female
Craig,Kilsby,63,Male
Vin,Callum,33,Male
Imogene,Stonehouse,32,Female
Dena,Ferroli,32,Female
Viva,Bourcq,54,Female
Karen,De Ruggiero,47,Female
Vivyan,Tadlow,71,Female
Aubrey,Biernacki,70,Female
Tandi,Orritt,18,Female
Newton,Baldacco,68,Male
Danette,Joney,44,Female
Corly,Simoncello,69,Female
Haroun,Glabach,18,Male
Vallie,Cholomin,74,Female
Katinka,Vaadeland,74,Female
Sandy,Hanmore,29,Male
Charla,Baxstare,26,Female
Doria,Elstone,20,Female
Emery,Storkes,20,Male
Man,Lilleyman,26,Male
Auria,Zannutti,45,Female
Harlin,de Banke,59,Male
Bernelle,Ellor,28,Female
Marika,Krook,28,Female
Zackariah,Fenech,33,Male
Kristyn,Meddows,25,Female
Garey,Voas,36,Male
Kandace,Deeman,63,Female
Lynnet,Knott,79,Female
Wake,Jeafferson,67,Male
Wynnie,Lakes,72,Female
Frank,Gillson,26,Male
Jeremie,McDell,48,Male
Eleanora,Sellor,68,Female
Adrienne,Fredson,58,Female
Antonie,Morrice,74,Female
Perceval,French,43,Male
Tammi,Jeffry,80,Female
Lyssa,Schwander,48,Female
Rose,Grindrod,63,Female
Gratiana,Bennoe,70,Female
Murdock,Andrichuk,55,Male
Fletcher,Wildor,58,Male
Anna-maria,Stear,74,Female
Amble,Hynard,80,Male
Herschel,Butterfield,78,Male
Lanette,Jost,36,Female
Lanni,Fitzackerley,34,Female
Reinald,MacMorland,51,Male
Kassia,Batts,20,Female
Eziechiele,Wilby,35,Male
Querida,Blissett,40,Female
Jordain,Del Monte,67,Female
Farley,O'Henecan,31,Male
Lurette,Birtonshaw,49,Female
Kendricks,Beat,60,Male
Marta,Pauleau,75,Female
Adena,Besnardeau,63,Female
Ephraim,Keele,22,Male
Sonni,Ronnay,75,Female
Constance,Chaplain,40,Female
Gar,Spiller,31,Male
Odilia,Attwood,67,Female
Mandi,Natt,74,Female
Corene,Jacomb,61,Female
Cesaro,Norcop,34,Male
Angelico,Yates,68,Male
Jard,Friese,41,Male
Suzette,Echalie,57,Female
Palmer,Brosoli,29,Male
Rockie,Beaglehole,18,Male
Drucill,McAless,50,Female
Urson,Hub,18,Male
Randall,Wayte,27,Male
Cairistiona,Huccaby,55,Female
Liane,Dufaire,74,Female
Maribel,Proctor,45,Female
Erhart,Kingsnorth,74,Male
Honey,Haney,21,Female
Harp,Trosdall,58,Male
Jandy,Lindroos,25,Female
Heath,Sell,40,Female
Georges,Wissby,41,Male
Curran,Helsdon,40,Male
Tye,Bertomier,43,Male
Inglebert,Humpherson,23,Male
Gamaliel,Idney,74,Male
Selig,Veighey,21,Male
Colline,Panks,67,Female
Robbin,Birbeck,80,Female
Celie,Escala,69,Female
Marietta,Worner,70,Female
Fionnula,Kadwallider,35,Female
Grace,Troop,74,Female
Ramsey,Fingleton,66,Male
Bradney,Lecky,39,Male
Al,Younglove,46,Male
Montague,Petrushkevich,29,Male
Jena,Jouandet,56,Female
Jacquenetta,Krol,66,Female
Lindie,Kester,61,Female
Dedie,Burnside,55,Female
Terry,Aire,66,Male
Christy,Beebe,23,Male
Bamby,Ephson,60,Female
Ozzie,Kose,72,Male
Moses,Balham,38,Male
Nannette,Varley,75,Female
Pen,Boone,68,Female
Karolina,Cawston,43,Female
Lou,Priver,52,Male
Maighdiln,Dict,53,Female
Joshuah,Bulteel,76,Male
Colline,Broose,74,Female
Bradley,Brissard,67,Male
Selby,Priden,43,Male
Norry,Skeermor,76,Female
Linet,Ferson,20,Female
Amargo,Trood,66,Female
Bertie,Hedman,52,Male
Coralyn,Alennikov,35,Female
Forrester,Budgeon,32,Male
Babita,Vankin,60,Female
Natty,Toms,68,Female
Farlie,Rayson,57,Male
Jodie,Devita,27,Female
Orin,Wehden,67,Male
Clementine,Uc,21,Female
Andros,Owlner,55,Male
Torrey,Raggett,39,Male
Bradney,Tharme,38,Male
Camala,Keemer,27,Female
Emma,Phette,79,Female
Eugenius,MacCoveney,22,Male
Vallie,Kalinsky,30,Female
Arri,Broxton,50,Male
Orella,Seabert,27,Female
Barbie,Lenney,65,Female
Hart,Ellcock,56,Male
Sheilakathryn,Griston,65,Female
Nikkie,Flageul,34,Female
Filberte,Chern,37,Male
Kele,Genese,56,Male
Anthea,Isselee,29,Female
Currie,Falls,48,Male
Vladimir,Denisevich,68,Male
Lauritz,Padillo,57,Male
Corinne,Connechy,21,Female
Ariadne,Busson,49,Female
Gertrud,Gouth,44,Female
Osbourn,Leggon,21,Male
Linc,Collar,78,Male
Chlo,Winston,37,Female
Saxe,McComiskie,35,Male
Rog,Guerri,32,Male
Jany,Ondricek,26,Female
Sibelle,McCory,34,Female
Kippie,Partington,68,Male
Vanya,Harberer,44,Male
Godard,Slixby,71,Male
Guillema,Poulsom,35,Female
Millicent,MacRitchie,51,Female
Tamarah,Delap,21,Female
Christopher,Davis,40,Male
Bengt,Smalridge,78,Male
Koral,Broun,58,Female
Kalil,Vibert,26,Male
Harvey,Dronsfield,70,Male
Helaine,Bartrap,42,Female
Jany,Lewer,66,Female
Judas,Argont,62,Male
Roderigo,Dimberline,39,Male
Minta,O'Clery,70,Female
Traver,Botterell,55,Male
Christian,Sutcliffe,59,Female
Catlaina,Mesias,75,Female
Reine,Mathiasen,18,Female
Lira,Petru,33,Female
Sheffy,Buer,65,Male
Jude,Brikner,72,Male
Tiebout,Paterno,59,Male
Elfie,Le Sarr,30,Female
Dimitri,Crystal,57,Male
Sauveur,Pedwell,79,Male
Donall,Kenewel,55,Male
Jephthah,Crutchley,60,Male
Sarge,Lightoller,65,Male
Mirabella,Boorer,24,Female
Cherin,Iremonger,47,Female
Langston,Saiz,34,Male
Tom,Handrahan,64,Male
Albie,Tiuit,46,Male
Loleta,Kingston,79,Female
Bonnee,Arthur,59,Female
Pegeen,Elles,51,Female
Wilbur,Wiffler,68,Male
Geoffry,Ilden,34,Male
Roanne,Niland,58,Female
Ezmeralda,Corben,61,Female
Bev,Prewett,53,Male
Claybourne,Cramer,40,Male
Theobald,Shemmans,39,Male
Judas,Yegorkin,42,Male
Nicolette,Cookley,72,Female
Stanton,Dunford,79,Male
Leah,Lawlan,60,Female
Dareen,Georgeou,46,Female
Uta,Jerschke,35,Female
Iosep,Gannicleff,62,Male
Rowland,Connett,64,Male
Jonathon,Tunno,48,Male
Abbey,Popplewell,72,Male
Harold,Spurgeon,74,Male
Gris,Rosebotham,39,Male
Cleavland,Keightley,26,Male
Gabby,Rackham,67,Male
Nanete,Budik,39,Female
Ines,Schirach,53,Female
Creight,McBride,80,Male
Mohammed,Twyning,40,Male
Arlee,McCole,52,Female
Valdemar,Elnough,65,Male
Rudolf,Rickarsey,70,Male
Randolph,Cops,67,Male
Tabb,Soutter,21,Male
Graeme,Tabour,33,Male
Errick,Vernall,69,Male
Basil,Velasquez,29,Male
Halley,Kybird,60,Female
Patin,Bignell,71,Male
Sylvia,Darnody,20,Female
Dominga,Morrieson,28,Female
Elaine,Shawell,48,Female
Kordula,Ticic,25,Female
Quinta,Geerits,64,Female
Gipsy,Sandbach,50,Female
Melvin,Dionis,65,Male
Tiffie,Rennebeck,26,Female
Agosto,Hughman,42,Male
Valentine,O'Roan,65,Male
Ronna,Krop,35,Female
Joela,Shellard,45,Female
Amalee,Woollacott,78,Female
Crissy,Trubshaw,57,Female
Ricardo,Godridge,59,Male
Zelda,Petrie,48,Female
Roley,Malcolm,34,Male
Salomi,Mushett,72,Female
Tracie,McNerlin,21,Female
Kathleen,Babonau,35,Female
Cecelia,Holyland,47,Female
Shelia,Taplow,74,Female
Paul,Kits,28,Male
Ronny,Croix,26,Male
Linette,Chooter,59,Female
Linus,Darke,52,Male
Dorena,Degan,80,Female
Massimiliano,Lanon,39,Male
Nevsa,Jaspar,26,Female
Nap,Mangenet,57,Male
Tedman,Arrigucci,35,Male
Vonni,Geffe,24,Female
Marielle,Westgarth,60,Female
Magdalena,Simioni,50,Female
Zahara,Milvarnie,72,Female
Bartolemo,Abramski,50,Male
Edithe,Lutsch,59,Female
Gianna,Canlin,23,Female
Evie,Beastall,61,Female
Joey,Jentges,26,Male
Karina,Lanfer,54,Female
Washington,Bollom,58,Male
Naomi,Kanter,27,Female
Carol-jean,Sweed,36,Female
Eleanore,Runciman,41,Female
Malorie,Strickler,49,Female
Cecelia,Van der Veldt,28,Female
Miles,Stare,58,Male
Lothaire,Andreaccio,32,Male
Darwin,Sheraton,42,Male
Terrell,Brandone,78,Male
Yelena,Syred,39,Female
Cristiano,Leadbeatter,54,Male
Tadeas,Davidesco,34,Male
Justis,Ewan,64,Male
Georas,Cavil,29,Male
Pete,Masterson,63,Male
Clarance,Tomkin,21,Male
Blanch,Ondracek,33,Female
Allx,Martignoni,40,Female
Brook,Hagart,66,Male
Rorie,Morrall,31,Female
Zsazsa,Bywaters,58,Female
Vivyanne,Tabbernor,22,Female
Beatriz,Smitherman,52,Female
Scot,Lindstrom,40,Male
Gray,Bes,32,Male
Rivy,Diperaus,74,Female
Dory,Beeke,39,Male
Durward,Gherardesci,61,Male
Natty,McGifford,61,Male
Hesther,Ciric,50,Female
Jose,Shaughnessy,34,Male
Kaylee,Grzelczak,62,Female
Kiele,Drissell,23,Female
Lionello,Savory,18,Male
Issi,Lailey,20,Female
Loren,Collet,31,Female
Zandra,Pulley,33,Female
Ruggiero,Methven,38,Male
Whit,Playford,24,Male
Bondy,Mostin,69,Male
Ase,Kupka,33,Male
Vale,Simic,80,Female
Fletcher,Renn,35,Male
Ardra,Annwyl,35,Female
Lia,Cullrford,66,Female
Lennie,Duckitt,30,Male
Celestyn,Caltera,80,Female
Darrell,Rignold,68,Male
Shellysheldon,McDonnell,52,Male
Eadmund,Caillou,32,Male
Starr,Armiger,51,Female
Kania,Dalli,43,Female
Arel,Glabach,18,Male
Karlie,Quakley,62,Female
Rad,Heaphy,72,Male
Hillie,Youtead,26,Male
Martyn,Driuzzi,62,Male
Kori,Reding,67,Female
Arvie,Skirvin,24,Male
Gerianne,Ernshaw,60,Female
Saudra,Wyrall,76,Female
Benetta,Chalkly,25,Female
Alley,Pithie,66,Male
Nichols,Bruyntjes,20,Male
Geralda,Wibrew,76,Female
Paulo,Gatcliff,68,Male
Thadeus,Ewestace,75,Male
Jerald,Graves,76,Male
Fayina,Bleything,51,Female
Kasper,Denes,29,Male
Karoly,Gabbetis,57,Female
Craig,Affuso,64,Male
Armstrong,Westnage,42,Male
Veda,Halfacre,68,Female
Arvy,Urry,58,Male
Joice,Kiddey,43,Female
